# 数据关联和范围

本章介绍如何通过投影、链接和限制数据范围或作用域来发现数据。 本章主要介绍操作数据集的语句`SELECT`、`WHERE`、`LIMIT`、`JOIN`和`UNION`/`UNION ALL`的语法和用法。

在本章中，我们将介绍以下主题：

*   使用`SELECT`投影数据
*   使用`WHERE`、`LIMIT`和`LIMIT`等条件过滤数据
*   将数据与`JOIN`链接
*   将数据与`UNION`组合

# 使用 SELECT 的项目数据

配置单元最常见的用例是在 Hadoop 中查询数据。 要实现这一点，我们需要编写并执行一条`SELECT `语句。 `SELECT`语句执行的典型工作是在有或没有条件的情况下从表中投影整行(带`SELECT *`)或指定列(带带`SELECT column1, column2, ...`)。最简单的带`SELECT`语句不会触发 Yarn 作业。 相反，转储任务只是为了转储数据而创建的，例如`hdfs dfs -cat`命令。`SELECT`语句经常与关键字`FROM`和**`DISTINCT`和**一起使用。 `FROM`关键字后跟表格是`SELECT`投影数据的位置。 在`SELECT`之后使用的关键字`DISTINCT`确保从表中只返回唯一的行或列的组合。 此外，`SELECT`还支持与用户定义函数、`IF()`语句或`CASE WHEN THEN ELSE END`语句和正则表达式相结合的列。以下是使用`SELECT`语句投影数据的示例：

1.  查询表中的整行或特定列：

```sql
 > SELECT * FROM employee; -- Project the whole row
 > SELECT name FROM employee; -- Project specified columns
 +----------+
 |   name   |
 +----------+
 | Michael  |
 | Will     | 
 | Shelley  |
 | Lucy     |
 +----------+
 4 rows selected (0.452 seconds)

-- List all columns match java regular expression > SET hive.support.quoted.identifiers = none; -- Enable this
 > SELECT `^work.*` FROM employee; -- All columns start with work
 +------------------------+
 | employee.work_place    |
 +------------------------+
 | ["Montreal","Toronto"] |
 | ["Montreal"]           |
 | ["New York"]           |
 | ["Vancouver"]          |
 +------------------------+
 4 rows selected (0.141 seconds)

```

2.  从表中选择列出的不同列：

```sql
 > SELECT DISTINCT name, work_place FROM employee;
 +---------+------------------------+
 | name    | work_place             |
 +---------+------------------------+
 | Lucy    | ["Vancouver"]          |
 | Michael | ["Montreal","Toronto"] |
 | Shelley | ["New York"]           |
 | Will    | ["Montreal"]           |
 +---------+------------------------+
 4 rows selected (35.962 seconds)
```

3.  使用`IF`或`CASE WHEN`函数选择列：

```sql
 > SELECT 
 > CASE WHEN gender_age.gender = 'Female' THEN 'Ms.'
 > ELSE 'Mr.' END as title,
 > name, 
 > IF(array_contains(work_place, 'New York'), 'US', 'CA') as 
      country
 > FROM employee;
 +-------+---------+---------+
 | title | name    | country |
 +-------+---------+---------+
 | Mr.   | Michael | CA      |
 | Mr.   | Will    | CA      |
 | Ms.   | Shelley | US      |
 | Ms.   | Lucy    | CA      |
 +-------+---------+---------+
 4 rows selected (0.585 seconds)
```

多个`SELECT`语句可以协同工作，使用嵌套查询或 CTE 构建复杂查询。 嵌套查询也称为子查询，是从另一个查询的结果投影数据的查询。可以使用带有`WITH`和`AS`关键字的 CTE(在[第 3 章](03.html)、*数据定义和说明*中提到)重写嵌套查询。 使用嵌套查询时，需要为内部查询指定别名(参见下例中的`t1`)，否则配置单元会报告异常。以下是在 HQL 中使用嵌套查询的几个示例：

1.  使用强制别名的嵌套查询示例：

```sql
 > SELECT 
 > name, gender_age.gender as gender
 > FROM (
 > SELECT * FROM employee WHERE gender_age.gender = 'Male'
 > ) t1; -- t1 here is mandatory
 +----------+----------+
 |   name   |  gender  |
 +----------+----------+
 | Michael  | Male     |
 | Will     | Male     |
 +----------+----------+
 2 rows selected (48.198 seconds)
```

2.  可以使用 CTE 重写嵌套查询，如下所示。 这是编写复杂的单个 HQL 查询的推荐方式：

```sql
 > WITH t1 as (
 > SELECT * FROM employee WHERE gender_age.gender = 'Male'
 > )
 > SELECT name, gender_age.gender as gender 
 > FROM t1;
 +----------+----------+
 |   name   |  gender  |
 +----------+----------+
 | Michael  | Male     |
 | Will     | Male     |
 +----------+----------+
 2 rows selected (38.706 seconds)
```

此外，后跟常量表达式的特殊`SELECT`可以在没有`FROM table`子句的情况下工作。 它返回表达式的结果。 这等效于使用一条虚拟记录查询虚拟表：

```sql
> SELECT concat('1','+','3','=',cast((1 + 3) as string)) as res;
+-------+
| res   |
+-------+
| 1+3=4 |
+-------+
1 row selected (0.109 seconds)
```

# 使用条件过滤数据

通过使用条件子句(如`LIMIT`、`WHERE`、`IN`/`NOT IN`和`EXISTS`/`NOT EXISTS`来缩小结果集的范围是很常见的。关键字`LIMIT`限制随机返回的指定行数。与`LIMIT`相比，`WHERE`是一个功能更强大、更通用的条件子句，可以通过表达式、函数和嵌套查询来限制返回的结果集，如以下示例所示：

```sql
> SELECT name FROM employee LIMIT 2;
+----------+
|   name   |
+----------+
| Lucy     |
| Michael  |
+----------+
2 rows selected (71.125 seconds)

> SELECT name, work_place FROM employee WHERE name = 'Michael'; 
+----------+------------------------+ 
| name     | work_place             | 
+----------+------------------------+ 
| Michael  | ["Montreal","Toronto"] | 
+----------+------------------------+ 
1 row selected (38.107 seconds)

-- All the conditions can use together and use after WHERE
> SELECT name, work_place FROM employee WHERE name = 'Michael' LIMIT 1; 
+----------+------------------------+ 
| name     | work_place             | 
+----------+------------------------+ 
| Michael  | ["Montreal","Toronto"] | 
+----------+------------------------+ 
1 row selected (39.103 seconds)
```

`IN`/`NOT IN`用作检查值是否属于由`IN`或`NOT IN`指定的集合的表达式。 从配置单元 v2.1.0 开始，`IN`语句和`NOT IN`语句支持多列：

```sql
> SELECT name FROM employee WHERE gender_age.age in (27, 30);
+----------+
| name     |
+----------+
| Michael  |
| Shelley  |
+----------+
2 rows selected (0.3 seconds)

-- With multiple columns support after v2.1.0
> SELECT 
> name, gender_age 
> FROM employee 
> WHERE (gender_age.gender, gender_age.age) IN 
> (('Female', 27), ('Male', 27 + 3)); -- Also support expression
+---------+------------------------------+
| name    | gender_age                   |
+---------+------------------------------+
| Michael | {"gender":"Male","age":30}   |
| Shelley | {"gender":"Female","age":27} |
+---------+------------------------------+
2 rows selected (0.282 seconds)
```

此外，筛选数据还可以在带`IN`/`NOT IN`和`EXISTS`/`NOT EXISTS`的`WHERE`子句中使用子查询。 使用`EXISTS`语句或`NOT EXISTS`语句的子查询必须同时引用内部表达式和外部表达式：

```sql
> SELECT 
> name, gender_age.gender as gender
> FROM employee
> WHERE name IN
> (SELECT name FROM employee WHERE gender_age.gender = 'Male');
+----------+----------+
|   name   |  gender  |
+----------+----------+
| Michael  | Male     |
| Will     | Male     |
+----------+----------+
2 rows selected (54.644 seconds) 
> SELECT 
> name, gender_age.gender as gender
> FROM employee a
> WHERE EXISTS (
> SELECT * 
> FROM employee b
> WHERE 
> a.gender_age.gender = b.gender_age.gender AND 
b.gender_age.gender = 'Male'
> ); -- This likes join table a and b with column gender +----------+----------+
|   name   |  gender  |
+----------+----------+
| Michael  | Male     |
| Will     | Male     |
+----------+----------+
 2 rows selected (69.48 seconds)
```

对于在`WHERE`子句中使用的子查询，还有其他限制：

*   子查询只能出现在`WHERE`个子句的右侧
*   不允许嵌套子查询
*   子查询中的`IN`/`NOT IN`只支持使用单个列，尽管它们在正则表达式中支持更多列

# 使用连接链接数据

`JOIN`用于将两个或多个表中的行链接到一起。 HIVE 支持大多数 SQL`JOIN`操作，如`INNER JOIN`和`OUTER JOIN`。 此外，HQL 还支持一些特殊的连接，如 MapJoin 和 Semi-Join。 在较早的版本中，Hive只支持 EQUAL JOIN，v2.2.0 之后，也支持 UEQUAL JOIN*和*。 但是，在使用不相等联接时应该更加小心，除非您知道预期会发生什么，因为不相等联接可能会通过生成联接表的笛卡尔乘积来返回很多行。 当您想要限制联接的输出时，您应该在联接之后应用`WHERE`子句，因为`JOIN`发生在`WHERE`子句之前。*如果可能，在联接条件上推入筛选条件，而不是 WHERE 条件，以便更早地筛选数据。此外，所有类型的左/右联接都不是完全交换的，总是左/右关联的，而`INNER`和`FULL OUTER JOINS`既是交换的，也是关联的。

# 内连接

`INNER JOIN`或`JOIN`f 从联接表的两侧返回满足联接条件的行。 也可以通过逗号分隔的表名省略关键字*和*`JOIN`；这称为`implicit join`。 以下是 HQL 联接操作的示例：

1.  首先，准备一个要连接的表，并将数据加载到其中：

```sql
 > CREATE TABLE IF NOT EXISTS employee_hr (
 > name string,
 > employee_id int,
 > sin_number string,
 > start_date date
 > )
 > ROW FORMAT DELIMITED
 > FIELDS TERMINATED BY '|';
 No rows affected (1.732 seconds)

 > LOAD DATA INPATH '/tmp/hivedemo/data/employee_hr.txt'
 > OVERWRITE INTO TABLE employee_hr;
 No rows affected (0.635 seconds)
```

2.  在具有相等和不相等联接条件的两个表之间执行`INNER JOIN`运算，以及复杂表达式和 POST JOIN`WHERE`条件。 通常，我们需要在联接条件中的列之前添加表名或表别名，尽管配置单元总是尝试解析它们：

```sql
 > SELECT 
 > emp.name, emph.sin_number
 > FROM employee emp
 > JOIN employee_hr emph ON emp.name = emph.name; -- Equal Join
 +-----------+------------------+
 | emp.name  | emph.sin_number  |
 +-----------+------------------+
 | Michael   | 547-968-091      |
 | Will      | 527-948-090      |
 | Lucy      | 577-928-094      |
 +-----------+------------------+
 3 rows selected (71.083 seconds)

 > SELECT 
 > emp.name, emph.sin_number
 > FROM employee emp -- Unequal join supported since v2.2.0  
      returns morerows
```

```sql

 > JOIN employee_hr emph ON emp.name != emph.name;
 +----------+-----------------+
 | emp.name | emph.sin_number |
 +----------+-----------------+
 | Michael  | 527-948-090     |
 | Michael  | 647-968-598     |
 | Michael  | 577-928-094     |
 | Will     | 547-968-091     |
 | Will     | 647-968-598     |
 | Will     | 577-928-094     |
 | Shelley  | 547-968-091     |
 | Shelley  | 527-948-090     |
 | Shelley  | 647-968-598     |
 | Shelley  | 577-928-094     |
 | Lucy     | 547-968-091     |
 | Lucy     | 527-948-090     |
 | Lucy     | 647-968-598     |
 +----------+-----------------+
 13 rows selected (24.341 seconds)

      -- Join with complex expression in join condition
      -- This is also the way to implement conditional join
      -- Below, conditional ignore row with name = 'Will' > SELECT 
 > emp.name, emph.sin_number
 > FROM employee emp
 > JOIN employee_hr emph ON 
 > IF(emp.name = 'Will', '1', emp.name) = 
 > CASE WHEN emph.name = 'Will' THEN '0' ELSE emph.name END;      +----------+-----------------+
 | emp.name | emph.sin_number |
 +----------+-----------------+
 | Michael  | 547-968-091     |
 | Lucy     | 577-928-094     |
 +----------+-----------------+
 2 rows selected (27.191 seconds)

      -- Use where/limit to limit the output of join
 > SELECT 
 > emp.name, emph.sin_number
 > FROM employee emp
 > JOIN employee_hr emph ON emp.name = emph.name
 > WHERE 
 > emp.name = 'Will';
 +----------+-----------------+
 | emp.name | emph.sin_number |
 +----------+-----------------+
 | Will     | 527-948-090     |
 +----------+-----------------+
 1 row selected (26.811 seconds)
```

3.  可以对更多具有序列联接的表(如表 A、B 和 C)执行`JOIN`操作。 表可以从 A 连接到 B 和 B 连接到 C，或者从 A 连接到 B 和 A 连接到 C：

```sql
 > SELECT 
 > emp.name, empi.employee_id, emph.sin_number
 > FROM employee emp
 > JOIN employee_hr emph ON emp.name = emph.name
 > JOIN employee_id empi ON emp.name = empi.name;
 +-----------+-------------------+------------------+
 | emp.name  | empi.employee_id  | emph.sin_number  |
 +-----------+-------------------+------------------+
 | Michael   | 100               | 547-968-091      |
 | Will      | 101               | 527-948-090      |
 | Lucy      | 103               | 577-928-094      |
 +-----------+-------------------+------------------+
 3 rows selected (67.933 seconds)
```

4.  自联接是一个表自身联接的地方。 执行此类连接时，应使用不同的别名来区分同一个表：

```sql
 > SELECT 
 > emp.name -- Use alias before column name
 > FROM employee emp
 > JOIN employee emp_b -- Here, use a different alias
 > ON emp.name = emp_b.name;
 +-----------+
 | emp.name  |
 +-----------+
 | Michael   |
 | Will      |
 | Shelley   |
 | Lucy      |
 +-----------+
 4 rows selected (59.891 seconds)
```

5.  在不使用`JOIN`关键字的情况下执行隐式联接。 这仅适用于`INNER JOIN`：

```sql
 > SELECT 
 > emp.name, emph.sin_number
 > FROM 
 > employee emp, employee_hr emph -- Only applies for inner join
 > WHERE 
 > emp.name = emph.name;
 +-----------+------------------+
 | emp.name  | emph.sin_number  |
 +-----------+------------------+
 | Michael   | 547-968-091      |
 | Will      | 527-948-090      |
 | Lucy      | 577-928-094      |
 +-----------+------------------+
 3 rows selected (47.241 seconds)
```

6.  联接条件使用不同的列，这将创建一个额外的作业：

```sql
 > SELECT 
 > emp.name, empi.employee_id, emph.sin_number
 > FROM employee emp
 > JOIN employee_hr emph ON emp.name = emph.name
 > JOIN employee_id empi ON emph.employee_id = empi.employee_id;
 +-----------+-------------------+------------------+
 | emp.name  | empi.employee_id  | emph.sin_number  |
 +-----------+-------------------+------------------+
 | Michael   | 100               | 547-968-091      |
 | Will      | 101               | 527-948-090      |
 | Lucy      | 103               | 577-928-094      |
 +-----------+-------------------+------------------+
 3 rows selected (49.785 seconds)
```

If `JOIN` uses different columns in its conditions, it will request an additional job to complete the join. If the `JOIN` operation uses the same column in the join conditions, it will join on this condition using one job.

当在多个表之间执行`JOIN`时，将创建 Yarn/MapReduce 作业来处理 HDFS 中的数据。 每一项工作都被称为一个阶段。 通常，建议将大表放在语句的末尾，以获得更好的性能，并避免出现**内存不足**(**OOM**)异常。 这是因为`JOIN`序列中的最后一个表通常通过还原器流传输，而其他表默认情况下缓冲在还原器中。 此外，还可以指定提示`/*+STREAMTABLE (table_name)*/`，以建议应在默认决策上流式传输哪个表，如下例所示：

```sql
> SELECT /*+ STREAMTABLE(employee_hr) */
> emp.name, empi.employee_id, emph.sin_number
> FROM employee emp
> JOIN employee_hr emph ON emp.name = emph.name
> JOIN employee_id empi ON emph.employee_id = empi.employee_id;
```

# 外部连接

除了`INNER JOIN`，HQL 还支持常规的`OUTER JOIN`和`FULL JOIN`。 这种连接的逻辑与 SQL 中的逻辑相同。 下表总结了常见联接之间的区别*。* 这里，我们假设`table_m`具有`m`行，而`table_n`具有具有一对一映射的`n`行：

| **联接类型** | **逻辑** | **返回的行数** |
| --- | --- | --- |
| `table_m``JOIN table_n` | 这将返回两个表中匹配的所有行。 | `m ∩ n` |
| `table_m ``LEFT JOIN table_n` | 这将返回左表中的所有行和右表中匹配的行。 如果右表中没有匹配项，则返回右表中的`NULL`。 | `m` |
| `table_m ``RIGHT JOIN table_n` | 这将返回右表中的所有行和左表中匹配的行。 如果左表中没有匹配项，则返回左表中的`NULL`。 | `n` |
| `table_m ``FULL JOIN table_n` | 这将返回两个表中的所有行和两个表中匹配的行。 如果左边或右边的表中没有匹配项，则返回`NULL`。 | `m + n - m ∩ n` |
| `table_m ``CROSS JOIN table_n` | 这将返回两个表中的所有行组合，以生成笛卡尔乘积。 | `m * n` |

以下示例演示了不同的`OUTER JOINs`：

```sql
> SELECT 
> emp.name, emph.sin_number
> FROM employee emp -- All rows in left table returned
> LEFT JOIN employee_hr emph ON emp.name = emph.name;
+-----------+------------------+
| emp.name  | emph.sin_number  |
+-----------+------------------+
| Michael   | 547-968-091      |
| Will      | 527-948-090      |
| Shelley   | NULL             | -- NULL for mismatch 
| Lucy      | 577-928-094      |
+-----------+------------------+
4 rows selected (39.637 seconds)

> SELECT 
> emp.name, emph.sin_number
> FROM employee emp -- All rows in right table returned
> RIGHT JOIN employee_hr emph ON emp.name = emph.name;
```

```sql
 +-----------+------------------+
| emp.name  | emph.sin_number  |
+-----------+------------------+
| Michael   | 547-968-091      |
| Will      | 527-948-090      |
| NULL      | 647-968-598      | -- NULL for mismatch | Lucy      | 577-928-094      |
+-----------+------------------+
4 rows selected (34.485 seconds)

> SELECT 
> emp.name, emph.sin_number
> FROM employee emp -- Rows from both side returned
> FULL JOIN employee_hr emph ON emp.name = emph.name;
+-----------+------------------+
| emp.name  | emph.sin_number  |
+-----------+------------------+
| Lucy      | 577-928-094      |
| Michael   | 547-968-091      |
| Shelley   | NULL             | -- NULL for mismatch | NULL      | 647-968-598      | -- NULL for mismatch | Will      | 527-948-090      |
+-----------+------------------+
5 rows selected (64.251 seconds)
```

`CROSS JOIN`语句没有联接条件。 也可以使用不带条件的联接或始终为真的条件(如 1=1)来编写`CROSS JOIN`语句。在这种情况下，我们可以使用交叉联接来联接任何数据集。 然而，我们仅在必须链接本质上没有关系的数据时才考虑使用此类联接，例如向表中添加带有行计数的头。 以下是三种相等的书写方式`CROSS JOIN`：

```sql
> SELECT 
> emp.name, emph.sin_number
> FROM employee emp
> CROSS JOIN employee_hr emph; 
> SELECT 
> emp.name, emph.sin_number
> FROM employee emp
> JOIN employee_hr emph;

> SELECT 
> emp.name, emph.sin_number
> FROM employee emp
> JOIN employee_hr emph on 1=1; +-----------+------------------+
| emp.name  | emph.sin_number  |
+-----------+------------------+
| Michael   | 547-968-091      |
| Michael   | 527-948-090      |
| Michael   | 647-968-598      |
| Michael   | 577-928-094      |
| Will      | 547-968-091      |
| Will      | 527-948-090      |
| Will      | 647-968-598      |
| Will      | 577-928-094      |
| Shelley   | 547-968-091      |
| Shelley   | 527-948-090      |
| Shelley   | 647-968-598      |
| Shelley   | 577-928-094      |
| Lucy      | 547-968-091      |
| Lucy      | 527-948-090      |
| Lucy      | 647-968-598      |
| Lucy      | 577-928-094      |
+-----------+------------------+
16 rows selected (34.924 seconds)
```

尽管配置单元在早期版本中不明确支持不相等联接，但可以使用`CROSS JOIN`和`WHERE`解决办法，如下例所示：

```sql
> SELECT 
> emp.name, emph.sin_number
> FROM employee emp
> CROSS JOIN employee_hr emph 
> WHERE emp.name <> emph.name;
+-----------+------------------+
| emp.name  | emph.sin_number  |
+-----------+------------------+
| Michael   | 527-948-090      |
| Michael   | 647-968-598      |
| Michael   | 577-928-094      |
| Will      | 547-968-091      |
| Will      | 647-968-598      |
| Will      | 577-928-094      |
| Shelley   | 547-968-091      |
| Shelley   | 527-948-090      |
| Shelley   | 647-968-598      |
| Shelley   | 577-928-094      |
| Lucy      | 547-968-091      | | Lucy      | 527-948-090      |
| Lucy      | 647-968-598      |
+-----------+------------------+
13 rows selected (35.016 seconds)
```

# 特殊连接

HQL 还支持一些我们通常在关系数据库中看不到的特殊连接，例如`MapJoin`和`Semi-join`。 `MapJoin`这意味着只使用 map 执行联接操作，而不使用 Reduce 作业。 `MapJoin`语句将所有数据从小表读取到内存，并广播到所有映射。 在映射阶段，通过将大表和小表中的每行数据与连接条件进行比较来执行连接操作。 因为不需要约简，所以这类连接通常具有更好的性能。 在较新版本的配置单元中，如果可能，配置单元会在运行时自动将 Join 转换为`MapJoin`。 但是，您也可以通过提供联接提示来手动指定广播表，例如`/*+ MAPJOIN(table_name) */`。 此外，由于`MapJoin`和`WHERE`都是在映射阶段执行的，因此可以将`MapJoin`用于不相等连接以提高性能。 以下是将`MapJoin`提示与`CROSS JOIN`一起使用的示例：

```sql
> SELECT 
> /*+ MAPJOIN(employee) */ emp.name, emph.sin_number
> FROM employee emp
> CROSS JOIN employee_hr emph 
> WHERE emp.name <> emph.name;
```

`MapJoin`操作不支持以下内容：

*   在`UNION ALL`、`LATERAL VIEW`、`GROUP BY`/`JOIN`/`SORT BY`/`CLUSTER`和`BY`/`DISTRIBUTE BY`后使用`MapJoin`
*   在`UNION`、`JOIN`和另一个`MapJoin`之前使用`MapJoin`

`Bucket MapJoin`是一种特殊类型的`MapJoin`，它使用存储桶列(由`CREATE TABLE`语句中的`CLUSTERED BY`指定的列)作为联接条件。 与`regular MapJoin`所做的获取整个表不同，`bucket MapJoin`只获取所需的存储桶数据。 要启用`bucket MapJoin`，我们需要启用一些设置，并确保存储桶编号是彼此的倍数。 如果使用相同数量的存储桶对两个联接的表进行排序和分桶，则可以执行排序合并联接，而不是在内存中缓存所有小表：

```sql
> SET hive.optimize.bucketmapjoin = true;
> SET hive.optimize.bucketmapjoin.sortedmerge = true;
> SET hive.input.format =
> org.apache.hadoop.hive.ql.io.BucketizedHiveInputFormat; 
```

此外，`LEFT SEMI JOIN`语句也是`MapJoin`的一种。 它与配置单元的 v0.13.0 后面带有`IN`*/*`EXISTS`的子查询相同。 但是，不建议使用它，因为它不是标准 SQL 的一部分：

```sql
> SELECT a.name FROM employee a
> LEFT SEMI JOIN employee_id b ON a.name = b.name;
```

# 使用 UNION 组合数据

当我们想要将具有相同架构的数据组合在一起时，我们经常使用集合操作。 关系数据库中的常规集合操作有`INTERSECT`、`MINUS`和`UNION`/`UNION ALL`。 HQL 仅支持`UNION`和`UNION ALL`。 它们之间的不同之处在于，`UNION ALL`不删除重复行，而`UNION`则删除。 此外，所有联合数据必须具有相同的名称和数据类型，否则将执行隐式转换，并可能导致运行时异常。 如果使用`ORDER BY`、`SORT BY`、`CLUSTER BY`、`DISTRIBUTE BY`或`LIMIT`，则它们将应用于联合之后的整个结果集：

```sql
> SELECT a.name as nm FROM employee a
> UNION ALL -- Use column alias to make the same name for union
> SELECT b.name as nm FROM employee_hr b;
+-----------+
|    nm     |
+-----------+
| Michael   |
| Will      |
| Shelley   |
| Lucy      |
| Michael   |
| Will      |
| Steven    |
| Lucy      |
+-----------+
8 rows selected (23.919 seconds)

> SELECT a.name as nm FROM employee a
> UNION -- UNION removes duplicated names and slower
> SELECT b.name as nm FROM employee_hr b;
+----------+
|    nm    |
+----------+
| Lucy     |
| Michael  |
| Shelley  |
| Steven   |
| Will     |
+----------+
5 rows selected (32.221 seconds)

-- Order by applies to the unioned data
-- When you want to order only one data set,
-- Use order in the subquery
> SELECT a.name as nm FROM employee a
> UNION ALL 
> SELECT b.name as nm FROM employee_hr b
> ORDER BY nm;
+----------+
|    nm    |
+----------+
| Lucy     |
| Lucy     |
| Michael  |
| Michael  |
| Shelley  |
| Steven   |
| Will     |
| Will     |
+----------+
```

对于 HQL 还不支持的其他集合操作，比如`INTERCEPT`和`MINUS`，我们可以使用 JOINS 或 LEFT JOIN 来实现，如下所示：

```sql
-- Use join for set intercept
> SELECT a.name
> FROM employee a
> JOIN employee_hr b ON a.name = b.name;
+----------+
|  a.name  |
+----------+
| Michael  |
| Will     |
| Lucy     |
+----------+
3 rows selected (44.862 seconds)

-- Use left join for set minus
> SELECT a.name
> FROM employee a
> LEFT JOIN employee_hr b ON a.name = b.name
> WHERE b.name IS NULL;
+----------+
|  a.name  |
+----------+
| Shelley  |
+----------+
1 row selected (36.841 seconds)
```

# 简略的 / 概括的 / 简易判罪的 / 简易的

在本章中，您学习了如何使用`SELECT`语句投影所需的数据，并使用`WHERE`、`LIMIT`、`IN`*/*`EXISTS`过滤数据。 然后，我们介绍了将数据集链接在一起的不同联接，以及数据集操作`UNION`和`UNION ALL`。 读完本章之后，您应该能够将`SELECT`语句与不同的`WHERE`条件、`LIMIT`、`DISTINCT`和复杂子查询一起使用。 您应该能够理解并使用不同类型的`JOIN`语句来横向链接不同的数据集或垂直链接它们。

在下一章中，我们将讨论 HQL 中的数据交换、排序和转换以及事务的细节。